chrom	hg38	rSquared	dPrime	rsid	ref	alt
chr1	161094675	0.2	0.46	rs151166768	G	GCA
chr1	161098450	0.28	0.82	rs3813611	G	A
chr1	161099046	0.39	0.8	rs11576830	A	C
chr1	161101539	0.26	0.8	rs7525124	G	A
chr1	161104545	0.28	0.82	rs4656982	A	G
chr1	161104811	0.28	0.82	rs4233365	G	A
chr1	161104839	0.28	0.82	rs4347230	G	A
chr1	161105440	0.28	0.82	rs4402147	C	T
chr1	161108126	0.25	0.64	rs11265552	C	A
chr1	161108386	0.28	0.83	rs10218497	C	A
chr1	161108415	0.27	0.77	rs10218620	A	G
chr1	161108502	0.29	0.84	rs10218622	A	T
chr1	161109365	0.29	0.84	rs4656985	T	C
chr1	161110994	0.29	0.84	rs12062416	T	C
chr1	161114217	0.29	0.84	rs11265554	T	C
chr1	161114983	0.29	0.84	rs4523530	G	T
chr1	161116068	0.25	0.76	rs201860891	AC	A
chr1	161116069	0.25	0.76	rs4656986	C	A
chr1	161116071	0.25	0.76	rs4656987	A	T
chr1	161119659	0.33	0.82	rs199886731	C	CCTAAA
chr1	161119661	0.21	0.57	rs71692995	T	11-mer
chr1	161125044	0.34	0.85	rs10908823	C	T
chr1	161127451	0.57	0.86	rs12727614	T	A
chr1	161128338	0.35	0.85	rs11265555	C	T
chr1	161130545	0.54	0.82	rs200676322	AT	A
chr1	161130546	0.53	0.83	rs11583045	T	A
chr1	161132100	0.34	0.85	rs7517289	A	C
chr1	161133467	0.29	0.74	rs77864355	GATGA	G
chr1	161133472	0.24	0.66	rs201697441	A	AT
chr1	161133473	0.29	0.75	rs200517087	T	7-mer
chr1	161133655	0.49	0.85	rs10797093	T	G
chr1	161134232	0.35	0.85	rs4288617	G	A
chr1	161134334	0.57	0.86	rs4540676	G	A
chr1	161134669	0.34	0.85	rs11265556	T	C
chr1	161136564	0.49	0.85	rs11265557	T	G
chr1	161136957	0.33	0.82	rs57276180	AT	A
chr1	161137391	0.34	0.85	rs11265558	A	G
chr1	161140557	0.46	0.82	rs12041364	G	A
chr1	161141191	0.47	0.85	rs35769518	CG	C
chr1	161141573	0.49	0.85	rs11591206	C	T
chr1	161141656	0.57	0.86	rs11576058	C	A
chr1	161142141	0.57	0.86	rs10908824	A	G
chr1	161143891	0.56	0.85	rs72714911	T	C
chr1	161145525	0.36	0.87	rs10732962	C	G
chr1	161146232	0.59	0.88	rs11589567	G	T
chr1	161148112	0.27	0.89	rs72714913	A	G
chr1	161148344	0.59	0.88	rs11265560	T	C
chr1	161149085	0.35	0.86	rs10908825	T	C
chr1	161151520	0.36	0.85	rs12121272	C	T
chr1	161151881	0.35	0.85	rs11588225	A	G
chr1	161153113	0.37	0.88	rs4656988	G	A
chr1	161155282	0.21	0.89	rs72714914	G	C
chr1	161156344	0.57	0.85	rs12145282	T	C
chr1	161156643	0.6	0.88	rs12756718	A	T
chr1	161157185	0.37	0.88	rs12031437	C	G
chr1	161165631	0.27	0.89	rs3402	C	T
chr1	161166434	0.36	0.88	rs2301286	C	A
chr1	161166553	0.21	0.91	rs72714915	C	G
chr1	161167053	0.37	0.88	rs2301287	C	G
chr1	161170161	0.5	0.88	rs12741203	C	T
chr1	161171642	0.59	0.88	rs6779	C	G
chr1	161173522	0.52	0.88	rs11579514	T	C
chr1	161174129	0.27	0.89	rs112810680	C	T
chr1	161174179	0.37	0.88	rs11265561	A	G
chr1	161180073	0.61	0.93	rs11265562	T	A
chr1	161182054	0.68	0.97	rs11265563	G	A
chr1	161185602	1	1	rs4575098	G	A
chr1	161186243	0.98	1	rs11585858	C	A
chr1	161188558	0.21	0.7	rs12077004	G	A
chr1	161189368	0.21	0.7	rs11583589	G	T
chr1	161190369	0.31	1	rs112724568	C	T
chr1	161191082	0.53	0.99	rs34884997	T	C
chr1	161192383	0.21	1	rs7512012	G	A
chr1	161193247	0.21	1	rs4233367	T	C
chr1	161196933	0.47	0.99	rs35630547	G	T
chr1	161199375	0.47	0.99	rs3813623	G	T
chr1	161201187	0.47	0.99	rs3813624	C	T
chr1	161202735	0.46	0.97	rs10908826	C	T
chr1	161206729	0.31	0.96	rs79181095	G	A
chr1	161210087	0.23	0.53	rs4656994	G	A
chr1	161213726	0.46	0.97	rs1136207	C	T
chr1	161216523	0.45	0.82	rs4379692	C	T
chr1	161219146	0.22	0.65	rs11421	T	C
chr1	161220144	0.22	0.66	rs7528588	C	G
chr1	161221765	0.21	0.63	rs12143180	G	A
chr1	161221941	0.24	0.64	rs12143241	G	A
chr1	161222721	0.24	0.64	rs5085	C	G
chr1	161230796	0.21	0.65	rs2307418	T	G
